id,goal,acceptance,scope,status,evidence,verified_revision,verified_at
B001,GitHub 先行者核查：「给分叉标来源」是否已有人做过,给出结论 + 逐仓库表格 + 差异点；每条带链接,docs/PRIOR-ART.md,done,docs/PRIOR-ART.md（2026-10-07 只读 web 调研：raw.githubusercontent + api.github.com + registry.npmjs.org）,,2026-10-07
B002,核实宿主契约：分叉关系怎么表示 / 什么事件能观察到 fork / 标题怎么读怎么写,每条结论带 包名/文件:行号 且区分「已读源码」与「勘察记录」,docs/DESIGN.md,done,docs/DESIGN.md §1-§3（本人复核 session/created 声明与发射点、SessionHeader.parentSession、increasedForkTitle、SessionTitleService.get/rename、服务名、真机配置取值）,,2026-10-07
B003,实现「分支联系」：分叉会话标题自动带上「⤷ 来源：<源标题>」,离线断言全绿 + 真机断言全绿；反例（普通会话 / 子智能体会话 / 别人改过名 / 窗口过期后的改名）都不被动手,lib/index.js;cordis.patch.yml,done,离线 13/13（npm test）+ 真机 14/14（npm run rm-test）；详见 .verify/REPORT.md,v0.1.0 working tree,2026-10-07
B004,把插件装进 profile 并在 GUI 里目视确认侧栏行显示来源标签,侧栏行显示「⤷ 来源：…」且只闪变一次；给出回滚命令,（profile manifest 与 node_modules 目录链接，非本仓库）,doing,桌面 profile 已装入：依赖声明 + bundle 启用 + node_modules 目录链接；组合预检 8 层全加载 / 0 跳过 / 196 条含本行；模块经 junction 可加载。用户 2026-10-07 重启后**已确认标题标签与悬停段都出现**（截图为证）；但同一次目视发现悬停段字色缺陷 → 见 B007，修好后需再重启确认一次,desktop profile @2026-10-07,2026-10-07
B005,加客户端半边：侧栏行上的来源徽标 + 悬停显示源对话标题（改名抹不掉）,离线冒烟全绿 + 官方客户端组合规则静态预检全绿,lib/client.js;package.json;tests/client-smoke.mjs,done,客户端冒烟（协议/两个席位/来源判据/降级/异常保护）+ 静态预检 14/14（复刻 dsh-client-modules 的校验与判定顺序）；见 .verify/REPORT.md §7,v0.1.1 working tree,2026-10-07
B006,在真实浏览器里机检徽标与悬停文案,侧栏行出现徽标、悬停出现「来源」段、控制台无客户端组合错误,.verify/gui/,done,无头 Chrome + CDP 对临时 profile 的 GUI 断言 A1-A7 全 PASS（页面加载/2 行/分叉行有「⤷」/tooltip 是来源标注/源行无徽标/悬停段「来源 ⤷ …」/控制台零错误）；见 .verify/REPORT.md §7.3,v0.1.1 working tree,2026-10-07
B007,修用户真机报的"悬停段字色有问题",悬停段字色与官方卡片一致且与卡片底色不同,.verify/gui/;lib/client.js,done,根因：悬停卡是深色菜单材质、官方 CSS 把字色写死（#fff/#cfd3d6/#adb2b8），而 v0.1.1 用了主题 token --dsw-alias-label-primary → 在该作用域解析成近黑 #0f1115、与卡片背景 #2c2c2e 同色而隐形。改为卡片固定色，并加 A7/A8 颜色回归断言；GUI 9/9 全通过,v0.1.2,2026-10-07
B008,按「开发项目」模板补齐维护骨架：双语 README + MAINTAINER,两版 README 事实字段一致且顶部互链；MAINTAINER 含实际命令与实测结果；模板要求的字段不留占位,README.md;README.zh-CN.md;MAINTAINER.md,done,README.md 改为 English 主入口 + 新增 README.zh-CN.md（命令/路径/版本/许可标识不翻译，产品串「⤷ 来源：」保留）；MAINTAINER.md 按模板补齐目标/理解/取舍/验收/隐私；CONTRIBUTING 本轮范围外未建（原因与补建条件写进 MAINTAINER）,v0.1.2 working tree,2026-10-07
B009,接入隐私检查并清掉当前版本的本机绝对路径,当前版本 Index 模式不再有项目内容阻断项,docs/DESIGN.md;AGENTS.md;.verify/,done,复制模块脚本与规则到 .privacy-tools/（Hook 未启用）；实跑 Index 由 9 项降到 1 项，剩余 1 项是脚本自身的已知误报；顺手把 diagnose/drive 的写死路径改成环境变量推导，组合预检 8 层/0 跳过复验通过,v0.1.2 working tree,2026-10-07
B010,按「泄露后的处理与验证」流程处理历史里的旧本机绝对路径,全部可达历史不再有本机绝对路径；旧提交从本地对象库清除；仓库功能不受影响,（Git 历史与受控备份，非本仓库文件）,done,已执行：全量 bundle 备份 -> 受控副本 filter-branch 脱敏 -> 回收 + gc。验证：可达历史盘符路径 0 处、旧编号已 Not a valid object name、新 HEAD tree 与改写前逐字节一致（b65d606）、npm test 13/13 + rm-test 14/14 + 声明预检 14/14、fsck 无输出；History 剩余 6 项为工具误报，见 .privacy-tools/VERIFICATION.md,main（改写后）,2026-10-07
B011,核验 GitHub 远端并修正因此过时的文档,远端核验结果写回验证记录；README 两版与 MAINTAINER 不再声称「未配置远端」,README.md;README.zh-CN.md;MAINTAINER.md;.privacy-tools/VERIFICATION.md,done,GitHub REST API + 未登录网页核验：仓库 public、默认分支 main、远端 HEAD 与本地一致、8 个提交全为改写后编号、改写前旧 HEAD 在远端 API 422 / 网页 404、无标签无 Fork 无 Issue/PR；随后在一次性更宽权限下用 git ls-remote / git fetch 复核（结论一致）并设上游 origin/main（当时本地领先 1 个提交）；据此把 VERIFICATION 的「不适用（无远端）」换成实测结果并补「上传后核验」，README 两版补 clone 与 Issue 链接，MAINTAINER 更正贡献指南与公开前核对；核验后 Index 仍 1 项（工具误报）、Staged 0 项、md-lint 全绿,main（改写后）,2026-10-07
